text, label
"A powerful earthquake shook the region, causing widespread damage to buildings and leaving towns in ruins.", Earthquake
"Farmers face immense challenges as the relentless drought continues, leading to crop failures and water shortages.", Drought
"The damaged infrastructure, including roads and bridges, hampers rescue efforts and delays aid delivery to affected areas.", Damaged Infrastructure
"The human damage caused by the conflict is devastating, with families torn apart and communities displaced.", Human Damage
"Humanitarian organizations are mobilizing to provide emergency relief to refugees fleeing war-torn regions.", Human
"Land slides bury entire villages under debris, making it difficult for rescue teams to reach survivors.", Land Slide
"Despite non-damage to buildings and streets, landslides have blocked crucial transportation routes, disrupting daily life.", Non Damage Buildings and Street
"Conservationists celebrate the non-damage to wildlife forest, emphasizing the importance of preserving these untouched habitats.", Non Damage Wildlife Forest
"Communities along the coast face increasing threats from rising sea levels, prompting urgent measures to protect vulnerable areas.", Sea
"Urban fire incidents pose a constant risk to city dwellers, highlighting the need for stringent fire safety regulations and preparedness.", Urban Fire
"Wildfires continue to spread, endangering wildlife and natural habitats. Efforts to contain the wild fire are ongoing.", Wild Fire
"The aftermath of the water disaster reveals the extent of destruction, with homes submerged and entire communities displaced.", Water Disaster
"A series of earthquakes rocked the region, causing extensive damage to infrastructure and triggering landslides.", Earthquake
"The prolonged drought leads to water scarcity, affecting agriculture and forcing communities to ration their water usage.", Drought
"Damaged infrastructure, such as collapsed bridges and roads, hinders relief efforts and delays the arrival of aid supplies.", Damaged Infrastructure
"The human damage caused by the conflict has left many traumatized, requiring immediate psychological support and counseling.", Human Damage
"Humanitarian workers tirelessly provide medical aid and support to vulnerable populations affected by the ongoing crisis.", Human
"Land slides bury homes and farmlands, cutting off access to essential services and trapping residents in isolated areas.", Land Slide
"While buildings and streets remain intact, landslides pose a non-damage threat, necessitating preventive measures to ensure safety.", Non Damage Buildings and Street
"The non-damage to wildlife forest areas is crucial for biodiversity, promoting research and conservation efforts to protect these ecosystems.", Non Damage Wildlife Forest
"The rising sea levels threaten coastal communities, emphasizing the urgency of implementing adaptation strategies and building resilient infrastructure.", Sea
"Urban fire incidents highlight the importance of community awareness and preparedness in minimizing the risks associated with fires.", Urban Fire
"Wildfires devastate vast wilderness areas, prompting ecologists and researchers to study the ecological impact and plan for ecosystem restoration.", Wild Fire
"The water disaster aftermath reveals the resilience of communities as they come together to rebuild homes and restore essential services.", Water Disaster
"Multiple earthquakes shook the region, causing severe damage to buildings and infrastructure, displacing thousands of residents.", Earthquake
"Farmers endure losses due to the prolonged drought, with crops withering and livestock struggling to find adequate water and food.", Drought
"The damaged infrastructure disrupts transportation and communication networks, hampering emergency response and rescue operations.", Damaged Infrastructure
"The human damage caused by the conflict necessitates trauma counseling and mental health support for survivors dealing with emotional distress.", Human Damage
"Humanitarian organizations coordinate efforts to provide medical aid, clean water, and shelter to displaced families in temporary refugee camps.", Human
"Land slides triggered by heavy rainfall block roads and isolate villages, requiring helicopter rescue missions to deliver supplies to affected areas.", Land Slide
"Non-damage to buildings and streets masks the underlying threat of landslides, necessitating geological surveys to identify vulnerable areas.", Non Damage Buildings and Street
"Non-damage to wildlife forest areas is a testament to successful conservation efforts, promoting sustainable practices and protecting endangered species.", Non Damage Wildlife Forest
"Coastal communities face increased flooding due to rising sea levels, prompting urban planning initiatives to build resilient waterfront infrastructure.", Sea
"Urban fire incidents highlight the need for fire safety education, encouraging communities to install fire alarms and conduct regular drills.", Urban Fire
"Wildfires devastate natural habitats, leading scientists to study the resilience of ecosystems and plan for reforestation and habitat restoration.", Wild Fire
"The water disaster aftermath showcases community resilience as volunteers work together to clear debris and restore essential utilities.", Water Disaster
"A massive earthquake with a magnitude of 8.5 struck the region, toppling buildings and causing extensive damage.", Earthquake
"The relentless drought continues, leaving farmlands barren and water reservoirs at critical levels, posing a threat to agriculture.", Drought
"Damaged infrastructure, including collapsed bridges and roads, hampers emergency response efforts, slowing down relief operations.", Damaged Infrastructure
"The human damage inflicted by the conflict is heartbreaking, with families torn apart and children left orphaned and traumatized.", Human Damage
"Humanitarian organizations collaborate to provide medical assistance, clean water, and shelter to refugees fleeing war-torn regions.", Human
"Land slides triggered by heavy rainfall bury homes and block roads, isolating entire communities and hampering rescue efforts.", Land Slide
"While buildings and streets remain unharmed, non-damage from landslides creates unseen threats, necessitating geological assessments.", Non Damage Buildings and Street
"Non-damage to wildlife forest areas is vital for biodiversity, driving conservation efforts and promoting sustainable environmental practices.", Non Damage Wildlife Forest
"Rising sea levels threaten coastal cities, necessitating the construction of seawalls and sustainable urban planning to mitigate flooding risks.", Sea
"Urban fire outbreaks highlight the importance of fire safety education and preparedness, emphasizing the need for community-wide drills.", Urban Fire
"Wildfires ravage vast wilderness areas, endangering diverse ecosystems and prompting urgent reforestation efforts to restore natural habitats.", Wild Fire
"The aftermath of water disasters reveals the strength of communities as they come together to rebuild homes, schools, and essential infrastructure.", Water Disaster
"A series of powerful earthquakes, ranging from magnitude 7.0 to 7.8, rocked the region, causing widespread destruction and triggering landslides.", Earthquake
"The prolonged drought dries up rivers and lakes, leading to water scarcity for both human consumption and agricultural irrigation.", Drought
"Collapsed bridges and roads disrupt transportation, isolating communities and impeding the delivery of food, water, and medical supplies.", Damaged Infrastructure
"The human damage caused by the conflict is immeasurable, leaving scars not just on infrastructure but also on the hearts and minds of survivors.", Human Damage
"International humanitarian agencies collaborate with local NGOs to provide emergency healthcare, nutrition, and shelter to displaced human populations.", Human
"Land slides bury villages, destroying homes and agricultural fields, posing a threat to both human settlements and natural habitats.", Land Slide
"Non-damage to buildings masks the potential threat of landslides, highlighting the importance of monitoring vulnerable areas and implementing preventive measures.", Non Damage Buildings and Street
"Non-damage to wildlife forest areas is a testament to successful conservation efforts, encouraging ecotourism and scientific research for sustainable environmental practices.", Non Damage Wildlife Forest
"Coastal cities face increased flooding due to rising sea levels, necessitating urban redevelopment strategies to create resilient and adaptive waterfront communities.", Sea
"Urban fire incidents necessitate investments in advanced firefighting equipment and the training of first responders to handle complex fire emergencies.", Urban Fire
"Wildfires continue to devastate natural habitats, pushing scientists and ecologists to study the resilience of ecosystems and plan for habitat restoration.", Wild Fire
"The water disaster aftermath highlights the spirit of resilience as communities rebuild, focusing on disaster-resistant architecture and infrastructure.", Water Disaster
"An unprecedented earthquake with a magnitude of 9.0 struck, causing buildings to crumble and landslides that buried entire neighborhoods.", Earthquake
"The drought crisis deepens, causing water wells to run dry, livestock to perish, and farmers to face severe crop failures, leading to food shortages.", Drought
"Damaged infrastructure disrupts supply chains, hindering the delivery of essential goods, medical supplies, and aid to affected communities.", Damaged Infrastructure
"The human damage caused by the conflict leads to a refugee crisis, forcing families to flee their homes and seek safety in neighboring countries.", Human Damage
"International humanitarian agencies coordinate airlifts of emergency aid, deploying medical teams and relief supplies to assist displaced populations.", Human
"Land slides triggered by torrential rains wipe out entire villages, cutting off access to basic services and trapping residents in hazardous conditions.", Land Slide
"While buildings show non-damage, the constant threat of landslides looms, necessitating early warning systems and community evacuation plans.", Non Damage Buildings and Street
"Non-damage to wildlife forest areas is celebrated, emphasizing the importance of preserving biodiversity and protecting endangered species.", Non Damage Wildlife Forest
"Coastal cities are vulnerable to sea level rise, necessitating the construction of flood barriers and the restoration of natural coastal ecosystems.", Sea
"Urban fire outbreaks necessitate community-wide fire safety drills, educating residents about fire prevention and evacuation procedures.", Urban Fire
"Wildfires threaten fragile ecosystems, motivating scientists to study fire ecology and develop strategies for ecosystem recovery and rehabilitation.", Wild Fire
"The water disaster aftermath showcases community solidarity as neighborhoods come together to rebuild, emphasizing sustainable water management practices.", Water Disaster
"Multiple earthquakes shake the region, causing extensive damage to buildings, infrastructure, and triggering landslides in mountainous areas.", Earthquake
"The drought crisis intensifies, leading to water rationing, livestock deaths, and agricultural losses, challenging local economies and food security.", Drought
"Collapsed bridges and damaged roads isolate communities, hindering emergency response efforts and slowing down the distribution of relief supplies.", Damaged Infrastructure
"The human damage caused by the conflict forces families into displacement camps, facing overcrowding, lack of sanitation, and limited access to healthcare.", Human Damage
"International aid organizations work in collaboration with local governments to establish refugee camps, providing medical care, food, and shelter to displaced families.", Human
"Land slides devastate villages, leaving behind a trail of destruction and blocking essential roads, making rescue and relief efforts extremely challenging.", Land Slide
"While buildings remain unharmed, the threat of landslides looms large, prompting authorities to conduct geotechnical surveys and establish early warning systems.", Non Damage Buildings and Street
"Non-damage to wildlife forest areas is a beacon of hope, emphasizing the importance of eco-friendly practices and sustainable tourism to protect natural habitats.", Non Damage Wildlife Forest
"Coastal cities implement climate-resilient infrastructure, constructing seawalls and restoring wetlands to mitigate the impact of rising sea levels and storm surges.", Sea
"Urban fire preparedness programs educate communities about fire-resistant construction, firefighting techniques, and evacuation plans to minimize urban fire risks.", Urban Fire
"Wildfires wreak havoc on natural ecosystems, prompting ecologists to study fire ecology and develop strategies for habitat restoration and conservation.", Wild Fire
"The water disaster aftermath showcases the strength of communities, emphasizing the importance of clean water projects and resilient water supply systems.", Water Disaster
"Severe earthquakes shake the region, causing widespread damage to buildings, infrastructure, and triggering landslides in remote mountainous areas.", Earthquake
"The drought crisis escalates, depleting groundwater reserves, leading to crop failure, livestock deaths, and acute water scarcity in rural communities.", Drought
"Collapsed bridges and damaged roads hamper the movement of relief supplies, slowing down emergency response efforts and impeding aid delivery to affected areas.", Damaged Infrastructure
"The human damage caused by the conflict leads to a humanitarian crisis, forcing families into makeshift refugee camps, struggling with limited resources and healthcare.", Human Damage
"International humanitarian agencies collaborate to establish medical clinics and schools in refugee camps, providing essential services and education to displaced children.", Human
"Land slides obliterate villages, destroying homes, agricultural lands, and vital infrastructure, posing immense challenges for rescue and recovery operations.", Land Slide
"While buildings and streets show non-damage, landslides pose hidden threats, necessitating geotechnical studies, early warning systems, and community evacuation plans.", Non Damage Buildings and Street
"Non-damage to wildlife forest areas is a beacon of hope, promoting eco-friendly practices and sustainable tourism to protect diverse ecosystems and endangered species.", Non Damage Wildlife Forest
"Coastal cities invest in resilient urban planning, constructing flood-resistant buildings, and restoring mangrove forests to mitigate the impact of rising sea levels and storm surges.", Sea
"Urban fire preparedness programs educate communities about fire-resistant landscaping, firebreak construction, and fire evacuation plans to minimize urban fire risks.", Urban Fire
"Wildfires devastate natural habitats, prompting ecologists to study fire ecology and develop strategies for habitat restoration, reforestation, and the protection of biodiversity.", Wild Fire
"The water disaster aftermath showcases community resilience, emphasizing the importance of watershed management and the restoration of natural water filtration systems.", Water Disaster
"Devastating earthquakes with a magnitude of 9.2 rock the region, causing catastrophic damage to buildings, infrastructure, and triggering landslides across entire mountainsides.", Earthquake
"The drought crisis reaches a critical point, leading to the depletion of surface water sources, severe agricultural losses, and threatening the survival of entire communities.", Drought
"Collapsed bridges and damaged roads cut off entire regions, hampering emergency response efforts and making it difficult to provide aid and medical assistance to affected populations.", Damaged Infrastructure
"The human damage caused by the conflict results in a refugee emergency, forcing families to seek asylum in neighboring countries, facing overcrowded camps and limited resources.", Human Damage
"International humanitarian agencies coordinate airlifts of essential supplies, deploying medical teams, clean water, and shelter to assist displaced populations in temporary camps.", Human
"Land slides bury villages under tons of debris, making it challenging for rescue teams to access survivors, leading to an urgent need for heavy equipment and skilled personnel.", Land Slide
"While buildings and streets appear non-damaged, landslides pose hidden threats, necessitating geological studies, early warning systems, and community evacuation plans.", Non Damage Buildings and Street
"Non-damage to wildlife forest areas underscores the importance of wildlife conservation and eco-friendly practices, encouraging sustainable tourism and scientific research.", Non Damage Wildlife Forest
"Coastal cities implement climate-resilient infrastructure, constructing seawalls, and restoring wetlands to mitigate the impact of rising sea levels and storm surges on vulnerable communities.", Sea
"Urban fire preparedness programs educate communities about fire-resistant construction materials, firefighting techniques, and fire evacuation protocols to minimize urban fire risks.", Urban Fire
"Wildfires devastate natural habitats, prompting ecologists to study fire ecology and develop strategies for habitat restoration, reforestation, and the protection of endangered species.", Wild Fire
"The water disaster aftermath showcases community resilience, emphasizing the importance of watershed management, clean water access, and sustainable water supply systems.", Water Disaster
"A devastating earthquake with a magnitude of 8.7 struck, causing extensive damage to buildings, infrastructure, and triggering landslides across valleys and hills.", Earthquake
"The ongoing drought exacerbates water scarcity, causing crop failures, livestock deaths, and forcing communities to rely on limited water sources for survival.", Drought
"Collapsed bridges and damaged roads impede access to remote villages, hindering relief efforts and delaying the delivery of emergency supplies to affected populations.", Damaged Infrastructure
"The human damage caused by the conflict leads to a mass migration crisis, displacing families, separating loved ones, and straining resources in host countries.", Human Damage
"International humanitarian organizations collaborate to establish safe zones, providing medical care, education, and psychological support to traumatized refugee children.", Human
"Land slides engulf entire communities, destroying homes, agricultural fields, and disrupting vital transportation routes, making rescue operations extremely challenging.", Land Slide
"While buildings and streets remain intact, the non-damage from landslides poses concealed dangers, necessitating detailed geological surveys and community evacuation plans.", Non Damage Buildings and Street
"Non-damage to wildlife forest areas serves as a biodiversity hotspot, emphasizing the need for responsible tourism and conservation efforts to protect endangered species.", Non Damage Wildlife Forest
"Coastal cities adopt eco-friendly urban planning, constructing green spaces and artificial reefs to mitigate the effects of rising sea levels and create resilient waterfronts.", Sea
"Urban fire preparedness programs educate communities about fire-resistant landscaping, emergency evacuation routes, and firefighting techniques to minimize urban fire risks.", Urban Fire
"Wildfires devastate natural habitats, pushing ecologists to explore fire-resistant plant species and develop strategies for post-fire reforestation and habitat recovery.", Wild Fire
"The water disaster aftermath highlights community solidarity, fostering cooperation in building flood-resistant homes, sustainable water management, and disaster-resilient infrastructure.", Water Disaster
"A catastrophic earthquake with a magnitude of 9.0 hits, causing widespread destruction to buildings, infrastructure, and triggering landslides that reshape the landscape.", Earthquake
"The prolonged drought forces farmers to adopt water-saving agricultural techniques, diversify crops, and implement rainwater harvesting to cope with water scarcity.", Drought
"Collapsed bridges and damaged roads create isolated pockets of vulnerable communities, hampering emergency response and requiring airlifts for aid distribution.", Damaged Infrastructure
"The human damage caused by the conflict leads to a refugee influx, placing a strain on host countries' resources and highlighting the importance of international aid efforts.", Human Damage
"International humanitarian agencies collaborate to provide trauma counseling, education, and vocational training to empower refugee youth and prepare them for the future.", Human
"Land slides sweep through valleys, demolishing villages, disrupting power lines, and contaminating water sources, exacerbating the challenges faced by affected populations.", Land Slide
"While buildings and streets remain non-damaged, the constant threat of landslides necessitates advanced warning systems and community preparedness for evacuation.", Non Damage Buildings and Street
"Non-damage to wildlife forest areas signifies a success in conservation efforts, encouraging eco-tourism and scientific research to further protect these invaluable ecosystems.", Non Damage Wildlife Forest
"Coastal cities implement innovative flood-resistant architecture, constructing amphibious homes and vertical gardens to create resilient, sustainable urban environments.", Sea
"Urban fire preparedness programs educate communities about fire-resistant materials, smoke detectors, and emergency response protocols to minimize casualties and property damage.", Urban Fire
"Wildfires devastate natural habitats, prompting scientists to study fire-resistant plants and develop strategies for restoring ecosystems after fire events.", Wild Fire
"The water disaster aftermath showcases community resilience, inspiring the construction of rainwater harvesting systems and the adoption of eco-friendly wastewater management practices.", Water Disaster
"A massive earthquake with a magnitude of 8.9 rattles the region, causing buildings to crumble, bridges to collapse, and triggering landslides that reshape the terrain.", Earthquake
"The severe drought leads to water rationing, community wells running dry, and agricultural losses, forcing residents to migrate in search of water and livelihoods.", Drought
"Collapsed bridges and damaged roads hinder access to remote villages, isolating communities and impeding the delivery of humanitarian aid and medical supplies.", Damaged Infrastructure
"The human damage caused by the conflict creates a humanitarian crisis, displacing families, traumatizing children, and requiring long-term mental health support services.", Human Damage
"International humanitarian organizations collaborate to establish child-friendly spaces, providing education, recreational activities, and psychosocial support to refugee children.", Human
"Land slides engulf entire hillsides, sweeping away homes, roads, and farmlands, posing a significant threat to both human settlements and natural habitats.", Land Slide
"While buildings and streets show non-damage, the risk of landslides necessitates detailed geological studies, community awareness campaigns, and disaster preparedness training.", Non Damage Buildings and Street
"Non-damage to wildlife forest areas is a testament to successful conservation initiatives, promoting eco-tourism and scientific research to protect endangered flora and fauna.", Non Damage Wildlife Forest
"Coastal cities adopt resilient urban planning, constructing floating neighborhoods and green roofs to mitigate flooding and promote sustainable living in the face of rising sea levels.", Sea
"Urban fire preparedness programs educate communities about fire-resistant landscaping, fireproofing homes, and evacuation drills to enhance community resilience to urban fires.", Urban Fire
"Wildfires devastate natural habitats, leading ecologists to study fire ecology and develop techniques for reseeding burned areas to restore biodiversity and prevent erosion.", Wild Fire
"The water disaster aftermath inspires community-led projects, focusing on rainwater harvesting, watershed restoration, and sustainable agricultural practices to prevent future water crises.", Water Disaster
"A massive tremor, measuring 8.6 on the Richter scale, shook the region, causing widespread damage to structures and triggering landslides.", Earthquake
"The prolonged drought persists, causing water sources to dry up, leaving farmlands barren and challenging the livelihoods of local communities.", Drought
"Damaged infrastructure, including broken bridges and impassable roads, hinders relief efforts and delays the distribution of critical supplies to affected areas.", Damaged Infrastructure
"The human damage inflicted by the conflict is immeasurable, with families displaced and facing uncertain futures, highlighting the need for humanitarian aid.", Human Damage
"International humanitarian organizations rally to provide medical care, clean water, and shelter to displaced populations seeking safety from conflict-ridden regions.", Human
"Land slides, triggered by heavy rainfall, engulf entire villages, making access difficult and emphasizing the need for heavy machinery in rescue operations.", Land Slide
"Although buildings and streets appear unharmed, the ever-present risk of landslides demands geological assessments and early warning systems for vulnerable areas.", Non Damage Buildings and Street
"Non-damage to wildlife forest areas is essential for preserving biodiversity and promoting eco-tourism, encouraging sustainable practices and research for conservation.", Non Damage Wildlife Forest
"Rising sea levels pose a threat to coastal cities, necessitating the construction of seawalls and efforts to restore natural coastal ecosystems for resilience.", Sea
"Urban fire outbreaks underscore the importance of community-wide fire safety education, urging residents to install fire alarms and conduct regular drills.", Urban Fire
"Wildfires continue to devastate natural habitats, driving scientists to study fire ecology and implement reforestation and habitat rehabilitation strategies.", Wild Fire
"The aftermath of water disasters showcases community resilience as neighborhoods come together to rebuild and implement sustainable water management practices.", Water Disaster

"A series of powerful earthquakes, ranging from magnitude 7.2 to 7.9, rocked the region, causing extensive damage to buildings, infrastructure, and triggering landslides in hilly areas.", Earthquake
"The persistent drought leaves water reservoirs nearly empty, forcing rationing, livestock deaths, and impacting crop yields, threatening local economies.", Drought
"Collapsed bridges and damaged roads disrupt transportation, isolating communities and hampering rescue and relief efforts, creating logistical challenges.", Damaged Infrastructure
"The human damage caused by the conflict has resulted in a humanitarian crisis, leading to refugee camps with overcrowded conditions and limited access to healthcare.", Human Damage
"International humanitarian agencies work in close coordination with local NGOs to establish refugee camps, providing medical assistance, food, and shelter to displaced families.", Human
"Land slides obliterate villages, leaving destruction in their wake, and necessitating heavy machinery to clear debris and reach isolated communities.", Land Slide
"While buildings and streets remain intact, the constant threat of landslides necessitates geotechnical surveys and the implementation of early warning systems.", Non Damage Buildings and Street
"Non-damage to wildlife forest areas serves as a sanctuary for biodiversity, promoting eco-friendly practices and scientific research to protect endangered species.", Non Damage Wildlife Forest
"Coastal cities confront rising sea levels, leading to the construction of seawalls and wetland restoration to protect vulnerable communities from storm surges.", Sea
"Urban fire preparedness programs empower communities with knowledge about fire-resistant construction materials, firefighting techniques, and evacuation plans to reduce urban fire risks.", Urban Fire
"Wildfires continue to ravage natural habitats, prompting ecologists to study fire ecology and implement reforestation efforts to restore damaged ecosystems.", Wild Fire
"The water disaster aftermath highlights community resilience, emphasizing the importance of watershed management, clean water access, and sustainable water supply systems.", Water Disaster
"An unprecedented earthquake with a magnitude of 9.1 strikes, causing buildings to crumble and landslides that bury entire neighborhoods under debris.", Earthquake
"The drought crisis deepens, causing water sources to run dry, livestock losses, and severe crop failures, leading to food shortages and economic challenges.", Drought
"Collapsed bridges and damaged roads isolate communities, hindering emergency response efforts and impeding the delivery of food, water, and medical supplies to affected regions.", Damaged Infrastructure
"The human damage caused by the conflict leads to a refugee emergency, forcing families into makeshift camps, grappling with limited resources and limited access to healthcare.", Human Damage
"International humanitarian agencies collaborate to establish medical clinics and schools in refugee camps, providing essential services and education to displaced children.", Human
"Land slides bury villages under tons of debris, making it challenging for rescue teams to access survivors, emphasizing the need for heavy equipment and skilled personnel.", Land Slide
"While buildings and streets appear non-damaged, landslides pose hidden threats, necessitating geological studies, early warning systems, and community evacuation plans.", Non Damage Buildings and Street
"Non-damage to wildlife forest areas is a beacon of hope, promoting eco-friendly practices and sustainable tourism to protect diverse ecosystems and endangered species.", Non Damage Wildlife Forest
"Coastal cities invest in resilient urban planning, constructing flood-resistant buildings, and restoring mangrove forests to mitigate the impact of rising sea levels and storm surges on vulnerable communities.", Sea
"Urban fire preparedness programs educate communities about fire-resistant construction materials, firefighting techniques, and fire evacuation protocols to minimize urban fire risks.", Urban Fire
"Wildfires devastate natural habitats, prompting ecologists to study fire ecology and develop strategies for habitat restoration, reforestation, and the protection of biodiversity.", Wild Fire
"The water disaster aftermath showcases community resilience, emphasizing the importance of watershed management, clean water access, and sustainable water supply systems.", Water Disaster

"Massive tremors, reaching a magnitude of 8.7, rattle the region, causing extensive damage to buildings, infrastructure, and triggering landslides on steep slopes.", Earthquake
"The drought crisis reaches a critical point, leading to the depletion of surface water sources, severe agricultural losses, and threatening the survival of entire communities.", Drought
"Collapsed bridges and damaged roads hamper the movement of relief supplies, slowing down emergency response efforts and making it difficult to provide aid and medical assistance to affected populations.", Damaged Infrastructure
"The human damage caused by the conflict forces families into displacement camps, facing overcrowding, lack of sanitation, and limited access to healthcare.", Human Damage
"International aid organizations work in collaboration with local governments to establish refugee camps, providing medical care, food, and shelter to displaced families.", Human
"Land slides devastate villages, leaving behind a trail of destruction and blocking essential roads, making rescue and recovery operations extremely challenging.", Land Slide
"While buildings and streets show non-damage, the constant threat of landslides demands geological assessments and early warning systems for vulnerable areas.", Non Damage Buildings and Street
"Non-damage to wildlife forest areas is a beacon of hope, emphasizing the importance of eco-friendly practices and sustainable tourism to protect diverse ecosystems and endangered species.", Non Damage Wildlife Forest
"Coastal cities implement climate-resilient infrastructure, constructing seawalls, and restoring wetlands to mitigate the impact of rising sea levels and storm surges on vulnerable communities.", Sea
"Urban fire preparedness programs educate communities about fire-resistant construction materials, firefighting techniques, and fire evacuation protocols to minimize urban fire risks.", Urban Fire
"Wildfires continue to devastate natural habitats, driving scientists to study fire ecology and implement reforestation efforts to restore damaged ecosystems.", Wild Fire
"The water disaster aftermath showcases community resilience, emphasizing the importance of watershed management, clean water access, and sustainable water supply systems.", Water Disaster
"A powerful earthquake with a magnitude of 9.3 rocks the region, causing catastrophic damage to buildings, infrastructure, and triggering landslides on steep mountainsides.", Earthquake
"The prolonged drought intensifies, leading to the scarcity of drinking water, livestock deaths, and failed crops, threatening the livelihoods of local farmers.", Drought
"Collapsed bridges and damaged roads create logistical challenges, hindering the delivery of aid, food, and medical supplies to isolated communities in need.", Damaged Infrastructure
"The human damage caused by the conflict results in a refugee crisis, forcing families into makeshift shelters, facing overcrowding, limited resources, and health risks.", Human Damage
"International humanitarian agencies coordinate relief efforts, providing medical care, clean water, and temporary shelter to displaced families in crowded refugee camps.", Human
"Land slides bury villages under tons of debris, making it difficult for rescue teams to reach survivors, emphasizing the need for heavy equipment and skilled personnel.", Land Slide
"While buildings and streets appear non-damaged, the constant threat of landslides necessitates geological assessments, early warning systems, and community evacuation plans.", Non Damage Buildings and Street
"Non-damage to wildlife forest areas is vital for biodiversity, promoting eco-friendly practices, sustainable tourism, and scientific research for conservation.", Non Damage Wildlife Forest
"Coastal cities invest in resilient urban planning, constructing flood-resistant buildings and restoring natural coastal habitats to mitigate the impact of rising sea levels and storm surges.", Sea
"Urban fire preparedness programs educate communities about fire-resistant landscaping, firefighting techniques, and fire evacuation plans to minimize urban fire risks.", Urban Fire
"Wildfires continue to ravage natural habitats, prompting ecologists to study fire ecology and implement reforestation efforts to restore damaged ecosystems.", Wild Fire
"The water disaster aftermath showcases community resilience, emphasizing the importance of watershed management, clean water access, and sustainable water supply systems.", Water Disaster
